{
  "Theme": {
    "video": {
      "w": "572",
      "h": "457",
      "x": "512",
      "y": "514",
      "r": "0",
      "below": "no",
      "forceaspect": "both",
      "time": "1",
      "delay": "0",
      "bsize": "10",
      "bsize2": "16",
      "bsize3": "0",
      "bcolor": "1080256",
      "bcolor2": "16777215",
      "bcolor3": "0",
      "bshape": "round",
      "type": "ease",
      "start": "left"
    },
    "artwork1": {
      "x": "492",
      "y": "131",
      "time": "1",
      "delay": "0",
      "type": "ease",
      "start": "top",
      "rest": "none"
    },
    "artwork2": {
      "x": "57",
      "y": "85",
      "time": "1.7",
      "delay": "0.5",
      "type": "ease",
      "start": "left",
      "rest": "hover"
    },
    "artwork3": {
      "x": "143",
      "y": "528",
      "time": "1",
      "delay": "0.3",
      "type": "ease",
      "start": "left",
      "rest": "none"
    },
    "artwork4": {
      "x": "865",
      "y": "545",
      "time": "3.2",
      "delay": "0.3",
      "type": "grow bounce",
      "start": "bottom",
      "rest": "none"
    }
  }
}